{
  "students_states": {
    "student_1": {
      "learns": {
        "Cinematica en una dimension": {
          "parametros_cinematicos": 7.331259210670424e-5,
          "caida_libre": 8.402605213654391e-6,
          "analisis_grafico_movimiento_unidimensional": 0.0002387406309361519,
          "movimiento_aceleracion_constante": 9.214244254176162e-5
        }
      },
      "forgets": {
        "Cinematica en una dimension": {
          "parametros_cinematicos": 0.0,
          "caida_libre": 0.0,
          "analisis_grafico_movimiento_unidimensional": 0.0,
          "movimiento_aceleracion_constante": 0.0
        }
      }
    },
    "student_2": {
      "learns": {
        "Corriente continua": {
          "corriente_alterna": 0.6338572097746751,
          "potencia_electrica": 1.1076038574964366e-5,
          "ley_de_ohm": 0.8706436731054222,
          "circuitos_electricos": 0.0011475875277158101
        }
      },
      "forgets": {
        "Corriente continua": {
          "corriente_alterna": 0.0,
          "potencia_electrica": 0.0,
          "ley_de_ohm": 0.0,
          "circuitos_electricos": 0.0
        }
      }
    },
    "student_3": {
      "learns": {
        "Optica geometrica": {
          "imagenes_espejos_curvos": 8.307129346291884e-8,
          "refraccion": 5.006748478972714e-6,
          "reflexion": 0.0280818179304468,
          "leyes_de_snell": 6.640206625211423e-6,
          "reflexion_espejos_planos": 0.5928220256924501
        }
      },
      "forgets": {
        "Optica geometrica": {
          "imagenes_espejos_curvos": 0.0,
          "refraccion": 0.0,
          "reflexion": 0.0,
          "leyes_de_snell": 0.0,
          "reflexion_espejos_planos": 0.0
        }
      }
    }
  },
  "skills_states": {
    "Cinematica en una dimension": {
      "analisis_grafico_movimiento_unidimensional": {
        "prior": 0.0,
        "learns": 0.02178748978412081,
        "guesses": 0.33998814699987573,
        "slips": 0.16189458257822517,
        "forgets": 0.004734721609630382
      },
      "caida_libre": {
        "prior": 0.0,
        "learns": 0.00729843533977497,
        "guesses": 0.44959362477654824,
        "slips": 0.1273403349788022,
        "forgets": 7.086082339427364e-5
      },
      "movimiento_aceleracion_constante": {
        "prior": 0.0,
        "learns": 0.02648078806776868,
        "guesses": 0.45847308913218937,
        "slips": 0.1104012768461984,
        "forgets": 0.005583334432060545
      },
      "parametros_cinematicos": {
        "prior": 0.0,
        "learns": 0.018758528884564796,
        "guesses": 0.5456886011117074,
        "slips": 0.13223848717060072,
        "forgets": 0.0026679493316143655
      }
    },
    "Corriente continua": {
      "circuitos_electricos": {
        "prior": 0.0,
        "learns": 0.012254409608849767,
        "guesses": 0.4830793341224605,
        "slips": 0.1427601344551547,
        "forgets": 0.00040321903348958693
      },
      "corriente_alterna": {
        "prior": 0.0,
        "learns": 0.3773729823335494,
        "guesses": 0.33893775609907456,
        "slips": 0.06884271617511085,
        "forgets": 0.14298625096146705
      },
      "ley_de_ohm": {
        "prior": 0.0,
        "learns": 0.515890055527856,
        "guesses": 0.2416277553439179,
        "slips": 0.09396569171858964,
        "forgets": 0.017469408903814036
      },
      "potencia_electrica": {
        "prior": 0.0,
        "learns": 0.00865497382213174,
        "guesses": 0.3134089334974406,
        "slips": 0.15569600540191872,
        "forgets": 0.00012270009277601653
      }
    },
    "Optica geometrica": {
      "imagenes_espejos_curvos": {
        "prior": 0.0,
        "learns": 0.0046324993381967865,
        "guesses": 0.276899234367002,
        "slips": 0.1614499075329411,
        "forgets": 1.0094532658216588e-6
      },
      "leyes_de_snell": {
        "prior": 0.0,
        "learns": 0.0081485523938332,
        "guesses": 0.18253883198481496,
        "slips": 0.183510381065819,
        "forgets": 0.0008480665583771102
      },
      "reflexion": {
        "prior": 0.0,
        "learns": 0.38090156488810223,
        "guesses": 0.365334682233849,
        "slips": 0.1034339253813401,
        "forgets": 0.018065839080212625
      },
      "reflexion_espejos_planos": {
        "prior": 0.0,
        "learns": 0.45428195585325293,
        "guesses": 0.6317354635201059,
        "slips": 0.03213299875493494,
        "forgets": 0.25152505029372235
      },
      "refraccion": {
        "prior": 0.0,
        "learns": 0.006473711789000821,
        "guesses": 0.2568593795136599,
        "slips": 0.14983609006862322,
        "forgets": 0.0009648211611449479
      }
    }
  }
}
